{
  "results": [
    {
      "command": "bpftop (N=5000)",
      "mean": 0.17998664161999994,
      "stddev": 0.010928598525624694,
      "median": 0.17704713882,
      "user": 0.025141919999999995,
      "system": 0.05156775,
      "min": 0.16718019132,
      "max": 0.19920516332000002,
      "times": [
        0.17570997532000002,
        0.16890615432,
        0.17033908832,
        0.17291850732,
        0.19704819932,
        0.17119378632,
        0.17838430232,
        0.18154167832,
        0.17038262032,
        0.16718019132,
        0.18240027232,
        0.19920516332000002,
        0.16836004832,
        0.19364325832,
        0.19642683132,
        0.18227273232000002,
        0.17440246832,
        0.19135605832,
        0.16852187332000002,
        0.18953962332000002
      ],
      "memory_usage_byte": [
        37240832,
        37240832,
        37240832,
        37240832,
        37240832,
        37240832,
        37240832,
        37240832,
        37507072,
        37507072,
        37519360,
        37519360,
        37519360,
        37519360,
        37519360,
        37519360,
        37519360,
        37519360,
        37519360,
        37519360
      ],
      "exit_codes": [
        0,
        0,
        0,
        0,
        0,
        0,
        0,
        0,
        0,
        0,
        0,
        0,
        0,
        0,
        0,
        0,
        0,
        0,
        0,
        0
      ]
    }
  ]
}
