{
  "iterations": 50,
  "warmup": 5,
  "process_count": 11846,
  "timings_us": [
    16145.782000000001,
    16792.248,
    16700.816,
    16374.080999999998,
    15508.364,
    16200.024000000001,
    19322.694000000003,
    15794.261,
    14853.312,
    14552.548,
    14637.878,
    14733.697,
    14967.908,
    15248.045,
    15130.083,
    14534.554,
    16093.573999999999,
    15315.963,
    14746.983,
    14661.412,
    15598.213,
    15845.787999999999,
    15521.027999999998,
    15317.996000000001,
    16201.637,
    15733.607,
    14902.044,
    15265.618,
    15863.071,
    15661.181,
    15183.723999999998,
    14692.47,
    14944.033000000001,
    14883.268999999998,
    15104.655,
    14995.219000000001,
    15349.365,
    15389.381000000001,
    14647.324999999999,
    14675.578,
    14758.214,
    14639.421,
    14672.322,
    14701.076000000001,
    14703.01,
    14838.654999999999,
    15474.31,
    15559.58,
    15645.231,
    16065.289999999999
  ],
  "stats": {
    "min_us": 14534.554,
    "max_us": 19322.694000000003,
    "mean_us": 15382.93076,
    "median_us": 15265.618,
    "p95_us": 16700.816,
    "p99_us": 19322.694000000003,
    "stddev_us": 813.8987143651369
  },
  "system": {
    "kernel": "6.12.63",
    "arch": "x86_64",
    "cpus": 32,
    "hostname": "desktop"
  }
}
