{
  "iterations": 50,
  "warmup": 5,
  "process_count": 16882,
  "timings_us": [
    25173.447,
    22600.097999999998,
    21765.019,
    20954.864999999998,
    23599.597,
    21858.675,
    22263.927,
    22126.949,
    21845.389,
    21968.661,
    22422.273999999998,
    22186.932,
    21924.148,
    22007.895,
    22390.434,
    22202.231,
    21899.611999999997,
    21918.797,
    21547.127999999997,
    21842.574,
    23330.041,
    22685.670000000002,
    22947.161,
    22766.18,
    23959.654,
    22979.150999999998,
    21528.264,
    22433.475000000002,
    21548.281,
    22072.326999999997,
    21821.825,
    21652.947,
    21904.521,
    22693.202999999998,
    22550.395,
    22142.147,
    20976.115,
    21531.288999999997,
    22802.649,
    21897.117000000002,
    21779.466,
    22219.343,
    21771.48,
    22108.495,
    21613.522999999997,
    22286.619,
    21492.876,
    21485.884000000002,
    20537.219999999998,
    21748.337
  ],
  "stats": {
    "min_us": 20537.219999999998,
    "max_us": 25173.447,
    "mean_us": 22155.286140000004,
    "median_us": 22007.895,
    "p95_us": 23599.597,
    "p99_us": 25173.447,
    "stddev_us": 759.8375944116485
  },
  "system": {
    "kernel": "6.12.63",
    "arch": "x86_64",
    "cpus": 32,
    "hostname": "desktop"
  }
}
