{
  "results": [
    {
      "command": "bpftop (N=100)",
      "mean": 0.16855387785000003,
      "stddev": 0.010126964252774281,
      "median": 0.16694845410000003,
      "user": 0.02580255,
      "system": 0.04306171999999999,
      "min": 0.1494097946,
      "max": 0.18778911860000003,
      "times": [
        0.16574465160000001,
        0.1723728676,
        0.16688480460000002,
        0.18778911860000003,
        0.17243347160000003,
        0.18235655960000002,
        0.1666804396,
        0.16320615060000002,
        0.16701210360000002,
        0.1619545186,
        0.16110579460000002,
        0.1494097946,
        0.17786799460000002,
        0.1558766766,
        0.1589365376,
        0.18240376860000002,
        0.17220372960000002,
        0.18198754660000002,
        0.16727570960000002,
        0.15757531860000001
      ],
      "memory_usage_byte": [
        37036032,
        37466112,
        37466112,
        37466112,
        37466112,
        37466112,
        37466112,
        37466112,
        37466112,
        37466112,
        37466112,
        37466112,
        37466112,
        37466112,
        37466112,
        37466112,
        37466112,
        37466112,
        37466112,
        37466112
      ],
      "exit_codes": [
        0,
        0,
        0,
        0,
        0,
        0,
        0,
        0,
        0,
        0,
        0,
        0,
        0,
        0,
        0,
        0,
        0,
        0,
        0,
        0
      ]
    }
  ]
}
