{
  "iterations": 50,
  "warmup": 5,
  "process_count": 7881,
  "timings_us": [
    10478.361,
    10973.732,
    10417.126,
    11280.008,
    11578.649,
    10832.858,
    11285.147,
    11151.395999999999,
    11267.233999999999,
    11650.745,
    10777.604,
    10239.884,
    10999.591,
    11404.993,
    11362.954,
    11187.805,
    10797.712,
    9943.155,
    9508.95,
    10799.896,
    9904.644,
    9950.44,
    9625.84,
    9534.247,
    10037.072,
    9699.017000000002,
    9687.695,
    9715.217,
    10116.311,
    10132.942000000001,
    10855.64,
    10497.848,
    9727.831,
    10313.231000000002,
    9774.698999999999,
    9309.606,
    9317.630000000001,
    9452.854,
    9740.705,
    9463.084,
    10377.893,
    10165.193,
    10507.256,
    10633.703,
    10556.207999999999,
    10521.663,
    10979.183,
    9966.46,
    10618.144,
    10862.503
  ],
  "stats": {
    "min_us": 9309.606,
    "max_us": 11650.745,
    "mean_us": 10399.65118,
    "median_us": 10478.361,
    "p95_us": 11404.993,
    "p99_us": 11650.745,
    "stddev_us": 646.3515637391367
  },
  "system": {
    "kernel": "6.12.63",
    "arch": "x86_64",
    "cpus": 32,
    "hostname": "desktop"
  }
}
