{
  "results": [
    {
      "command": "bpftop (N=1000)",
      "mean": 0.17396842646000002,
      "stddev": 0.011375425830585319,
      "median": 0.17264910726,
      "user": 0.02525955,
      "system": 0.044524589999999996,
      "min": 0.15916983626,
      "max": 0.20187726426,
      "times": [
        0.16091155926,
        0.17093774126,
        0.15916983626,
        0.16994284126,
        0.16155430726,
        0.16009604626,
        0.17744132326,
        0.17436047326,
        0.17468720726,
        0.18917341126,
        0.16906697526,
        0.18920211526,
        0.16225962226,
        0.17644318726,
        0.17470598226,
        0.17013401026,
        0.20187726426,
        0.17036079626,
        0.18918963126,
        0.17785419826
      ],
      "memory_usage_byte": [
        37146624,
        37146624,
        37146624,
        37146624,
        37232640,
        37232640,
        37232640,
        37232640,
        37232640,
        37232640,
        37396480,
        37523456,
        37523456,
        37588992,
        37588992,
        37588992,
        37588992,
        37588992,
        37588992,
        37588992
      ],
      "exit_codes": [
        0,
        0,
        0,
        0,
        0,
        0,
        0,
        0,
        0,
        0,
        0,
        0,
        0,
        0,
        0,
        0,
        0,
        0,
        0,
        0
      ]
    }
  ]
}
