{
  "iterations": 50,
  "warmup": 5,
  "process_count": 7335,
  "timings_us": [
    9478.242,
    9012.136,
    8731.098,
    9496.045999999998,
    8853.568,
    9393.913999999999,
    9251.366,
    9259.721,
    9531.753,
    8878.706,
    8944.509,
    8566.148000000001,
    8991.317000000001,
    8854.49,
    9017.215,
    9057.571,
    9705.148000000001,
    9201.351999999999,
    9199.468,
    9475.387,
    9319.965,
    8928.047999999999,
    8535.951,
    8581.667,
    8607.766,
    8289.306999999999,
    8051.16,
    8049.437,
    7810.277,
    8321.067,
    7962.865,
    7974.5560000000005,
    7752.519,
    8065.126,
    7646.7699999999995,
    7778.548,
    8071.629,
    8121.382,
    8448.216999999999,
    8516.615,
    8372.955,
    8516.214,
    8131.431,
    8705.589999999998,
    8601.675,
    8763.63,
    8485.767,
    8379.858,
    8118.2660000000005,
    8325.885999999999
  ],
  "stats": {
    "min_us": 7646.7699999999995,
    "max_us": 9705.148000000001,
    "mean_us": 8642.665980000002,
    "median_us": 8601.675,
    "p95_us": 9496.045999999998,
    "p99_us": 9705.148000000001,
    "stddev_us": 533.6790887924875
  },
  "system": {
    "kernel": "6.12.63",
    "arch": "x86_64",
    "cpus": 32,
    "hostname": "desktop"
  }
}
