{
  "results": [
    {
      "command": "bpftop (N=2000)",
      "mean": 0.17541496193999997,
      "stddev": 0.011236113658320048,
      "median": 0.17740001453999998,
      "user": 0.02410773,
      "system": 0.04600226,
      "min": 0.15011697804000002,
      "max": 0.19141033904000002,
      "times": [
        0.16572689304000002,
        0.15602065304,
        0.18117952204,
        0.17129551804,
        0.18906116404,
        0.18625313704000002,
        0.18721373204,
        0.19141033904000002,
        0.17873343504,
        0.18617291604,
        0.16322925904000002,
        0.17897013104,
        0.17606659404,
        0.17603880204,
        0.15011697804000002,
        0.16818206704,
        0.17077409804000002,
        0.18393035204,
        0.16687157504,
        0.18105207304
      ],
      "memory_usage_byte": [
        37453824,
        37474304,
        37474304,
        37474304,
        37474304,
        37474304,
        37474304,
        37474304,
        37474304,
        37474304,
        37474304,
        37474304,
        37474304,
        37474304,
        37474304,
        37474304,
        37474304,
        37490688,
        37490688,
        37490688
      ],
      "exit_codes": [
        0,
        0,
        0,
        0,
        0,
        0,
        0,
        0,
        0,
        0,
        0,
        0,
        0,
        0,
        0,
        0,
        0,
        0,
        0,
        0
      ]
    }
  ]
}
