{
  "iterations": 50,
  "warmup": 5,
  "process_count": 6962,
  "timings_us": [
    7683.83,
    7797.383,
    7632.103,
    7784.107999999999,
    8057.682999999999,
    8207.193,
    7694.53,
    7871.392,
    7671.547,
    7675.614,
    8017.457,
    8058.823999999999,
    7776.153,
    7523.157,
    7465.129,
    7480.929,
    7995.085000000001,
    7669.633000000001,
    7943.619000000001,
    8227.081,
    8352.136,
    7621.621999999999,
    8167.268,
    8793.163999999999,
    8669.011,
    8287.635,
    8258.951000000001,
    8485.126,
    8378.705,
    8260.473,
    8440.742,
    8132.574,
    8402.901000000002,
    8054.327,
    8287.724999999999,
    8079.312999999999,
    8174.842999999999,
    8126.221,
    8562.181,
    8753.49,
    8647.741,
    8940.932,
    9149.956,
    9380.498,
    9800.797999999999,
    9657.98,
    9434.178999999998,
    9519.279,
    9075.766000000001,
    8705.48
  ],
  "stats": {
    "min_us": 7465.129,
    "max_us": 9800.797999999999,
    "mean_us": 8296.669339999999,
    "median_us": 8207.193,
    "p95_us": 9519.279,
    "p99_us": 9800.797999999999,
    "stddev_us": 586.5471014990563
  },
  "system": {
    "kernel": "6.12.63",
    "arch": "x86_64",
    "cpus": 32,
    "hostname": "desktop"
  }
}
