{
  "iterations": 50,
  "warmup": 5,
  "process_count": 8886,
  "timings_us": [
    12008.326,
    12007.574999999999,
    12206.88,
    12507.124,
    12272.483,
    12133.000999999998,
    12108.324999999999,
    11875.727,
    11808.741,
    11952.332,
    12391.065999999999,
    12245.181,
    14600.788999999999,
    12144.162,
    12449.655999999999,
    12012.154,
    11970.836000000001,
    11126.83,
    10993.429,
    12127.12,
    11438.506,
    11519.036999999998,
    11620.877999999999,
    11439.608,
    11477.108999999999,
    10899.753999999999,
    10816.417,
    12663.206999999999,
    11453.384,
    10758.929,
    11234.172,
    10953.354,
    11330.033,
    11626.309,
    11438.927,
    11572.077,
    11214.845,
    11287.432,
    11152.238,
    10886.208,
    10829.942000000001,
    11709.654999999999,
    10994.962000000001,
    10772.043,
    11221.116999999998,
    11674.669,
    11156.396,
    11619.897,
    11078.93,
    11380.336
  ],
  "stats": {
    "min_us": 10758.929,
    "max_us": 14600.788999999999,
    "mean_us": 11643.24216,
    "median_us": 11572.077,
    "p95_us": 12507.124,
    "p99_us": 14600.788999999999,
    "stddev_us": 661.5042022020224
  },
  "system": {
    "kernel": "6.12.63",
    "arch": "x86_64",
    "cpus": 32,
    "hostname": "desktop"
  }
}
