{
  "results": [
    {
      "command": "bpftop (N=500)",
      "mean": 0.16976647334000003,
      "stddev": 0.008318940810617757,
      "median": 0.17242197994000003,
      "user": 0.02440245,
      "system": 0.044188120000000004,
      "min": 0.15427943494000002,
      "max": 0.18378183694000003,
      "times": [
        0.17932610394000004,
        0.18378183694000003,
        0.16542303694000002,
        0.17294256794,
        0.15846944894000004,
        0.17190139194000004,
        0.17349575794000002,
        0.15968688694000002,
        0.16384910894000002,
        0.16586500794000003,
        0.17109347294000002,
        0.15427943494000002,
        0.17388525894000004,
        0.17639594794000002,
        0.18005815994000002,
        0.15777030594000002,
        0.17431959594000002,
        0.16189517794000002,
        0.17487236494000002,
        0.17601859894000002
      ],
      "memory_usage_byte": [
        37203968,
        37203968,
        37203968,
        37203968,
        37203968,
        37203968,
        37203968,
        37203968,
        37236736,
        37236736,
        37236736,
        37236736,
        37236736,
        37236736,
        37236736,
        37236736,
        37236736,
        37236736,
        37236736,
        37236736
      ],
      "exit_codes": [
        0,
        0,
        0,
        0,
        0,
        0,
        0,
        0,
        0,
        0,
        0,
        0,
        0,
        0,
        0,
        0,
        0,
        0,
        0,
        0
      ]
    }
  ]
}
