{
  "results": [
    {
      "command": "bpftop (N=10000)",
      "mean": 0.18618380204,
      "stddev": 0.010168345943578154,
      "median": 0.18729463194,
      "user": 0.025804779999999992,
      "system": 0.057822189999999996,
      "min": 0.15979403094,
      "max": 0.20214837694,
      "times": [
        0.18981240494,
        0.18883907494,
        0.19113604394,
        0.18531815594,
        0.18854144594,
        0.17532242394,
        0.18947259594000002,
        0.18415010994,
        0.20214837694,
        0.19274220294,
        0.17821894994,
        0.20205502194,
        0.18837456194,
        0.15979403094,
        0.18025344494,
        0.18621470194,
        0.18243293194000001,
        0.17302516494,
        0.20166356594,
        0.18416083094
      ],
      "memory_usage_byte": [
        37531648,
        37531648,
        37531648,
        37531648,
        37535744,
        37535744,
        37535744,
        37535744,
        37535744,
        37548032,
        37548032,
        37548032,
        37548032,
        37548032,
        37548032,
        37548032,
        37548032,
        37548032,
        37548032,
        37548032
      ],
      "exit_codes": [
        0,
        0,
        0,
        0,
        0,
        0,
        0,
        0,
        0,
        0,
        0,
        0,
        0,
        0,
        0,
        0,
        0,
        0,
        0,
        0
      ]
    }
  ]
}
