{
  "results": [
    {
      "command": "bpftop",
      "mean": 0.17880096754000002,
      "stddev": 0.010508972861354939,
      "median": 0.17673670414000003,
      "user": 0.025691119999999994,
      "system": 0.04823531999999999,
      "min": 0.16310225664000003,
      "max": 0.20054138464000001,
      "times": [
        0.16487123064000003,
        0.16310225664000003,
        0.16683930964000002,
        0.17497917564,
        0.16997685664,
        0.17390124064,
        0.18293018764000002,
        0.17704375564000002,
        0.18705021064000002,
        0.18379954264,
        0.17382782264000002,
        0.17308362364000002,
        0.16714193864000002,
        0.17710017264000003,
        0.18780236464000002,
        0.19506324964000002,
        0.20054138464000001,
        0.19130160064,
        0.18923377464000002,
        0.17642965264000002
      ],
      "memory_usage_byte": [
        37117952,
        37117952,
        37117952,
        37117952,
        37117952,
        37117952,
        37412864,
        37412864,
        37412864,
        37412864,
        37412864,
        37412864,
        37580800,
        37580800,
        37580800,
        37580800,
        37580800,
        37580800,
        37580800,
        37580800
      ],
      "exit_codes": [
        0,
        0,
        0,
        0,
        0,
        0,
        0,
        0,
        0,
        0,
        0,
        0,
        0,
        0,
        0,
        0,
        0,
        0,
        0,
        0
      ]
    },
    {
      "command": "htop",
      "mean": 2.43421346374,
      "stddev": 0.03862361291969225,
      "median": 2.4303103976399996,
      "user": 0.31416197,
      "system": 1.6749433200000001,
      "min": 2.37541827064,
      "max": 2.51019641364,
      "times": [
        2.4706605266399997,
        2.46389471164,
        2.48807825764,
        2.3962194326399997,
        2.51019641364,
        2.44690140564,
        2.42737130464,
        2.4332494906399997,
        2.46580337664,
        2.37541827064,
        2.46175374664,
        2.41536246564,
        2.39920629364,
        2.37898167664,
        2.39866994664,
        2.44415092664,
        2.41294192664,
        2.39198090464,
        2.42211647764,
        2.48131171964
      ],
      "memory_usage_byte": [
        37580800,
        37580800,
        37580800,
        37580800,
        37580800,
        37580800,
        37580800,
        37580800,
        37580800,
        37580800,
        37580800,
        37580800,
        37580800,
        37580800,
        37580800,
        37580800,
        37580800,
        37580800,
        37580800,
        37580800
      ],
      "exit_codes": [
        0,
        0,
        0,
        0,
        0,
        0,
        0,
        0,
        0,
        0,
        0,
        0,
        0,
        0,
        0,
        0,
        0,
        0,
        0,
        0
      ]
    }
  ]
}
