{
  "results": [
    {
      "command": "bpftop",
      "mean": 0.17789578097000003,
      "stddev": 0.009087167006679133,
      "median": 0.17829810422,
      "user": 0.024541590000000002,
      "system": 0.04727011,
      "min": 0.15912595572000002,
      "max": 0.18990794172000003,
      "times": [
        0.18000699672,
        0.18091407172,
        0.16505283272000001,
        0.18925519572000002,
        0.17957764872,
        0.16902559972,
        0.18698430772000002,
        0.18990794172000003,
        0.16596739172000002,
        0.15912595572000002,
        0.18770426072000002,
        0.17605975772000002,
        0.17320713672000002,
        0.17577809872000003,
        0.17428942172,
        0.17001485872000002,
        0.17866978272,
        0.17792642572,
        0.18922177372,
        0.18922616072
      ],
      "memory_usage_byte": [
        36974592,
        36999168,
        36999168,
        37257216,
        37257216,
        37257216,
        37257216,
        37257216,
        37310464,
        37310464,
        37310464,
        37466112,
        37466112,
        37466112,
        37466112,
        37466112,
        37466112,
        37466112,
        37466112,
        37466112
      ],
      "exit_codes": [
        0,
        0,
        0,
        0,
        0,
        0,
        0,
        0,
        0,
        0,
        0,
        0,
        0,
        0,
        0,
        0,
        0,
        0,
        0,
        0
      ]
    },
    {
      "command": "htop",
      "mean": 2.87417177217,
      "stddev": 0.05567194388078514,
      "median": 2.87545150722,
      "user": 0.39394984000000005,
      "system": 2.03585341,
      "min": 2.73856572472,
      "max": 2.97277253572,
      "times": [
        2.81293878772,
        2.87844381872,
        2.8483844397199998,
        2.97277253572,
        2.89256982472,
        2.8545431727199997,
        2.93329857372,
        2.87393015572,
        2.8255546957199997,
        2.93579644172,
        2.85471193972,
        2.89413678772,
        2.87697285872,
        2.86522423172,
        2.94281415672,
        2.7974600767199997,
        2.92098301972,
        2.73856572472,
        2.9151995997199998,
        2.84913460172
      ],
      "memory_usage_byte": [
        37466112,
        37466112,
        37466112,
        37466112,
        37466112,
        37466112,
        37466112,
        37466112,
        37466112,
        37466112,
        37466112,
        37466112,
        37466112,
        37466112,
        37466112,
        37466112,
        37466112,
        37466112,
        37466112,
        37466112
      ],
      "exit_codes": [
        0,
        0,
        0,
        0,
        0,
        0,
        0,
        0,
        0,
        0,
        0,
        0,
        0,
        0,
        0,
        0,
        0,
        0,
        0,
        0
      ]
    }
  ]
}
