{
  "results": [
    {
      "command": "bpftop",
      "mean": 0.17208158808000004,
      "stddev": 0.009648536348173578,
      "median": 0.17408696428000003,
      "user": 0.02389919,
      "system": 0.04437673999999999,
      "min": 0.15365359978,
      "max": 0.18295127778000003,
      "times": [
        0.17996419478000003,
        0.18002627078000003,
        0.17088025278000002,
        0.15896260678000002,
        0.18295127778000003,
        0.17704792378000003,
        0.17112600478000004,
        0.18081312878000003,
        0.16303772478000003,
        0.18098116478000004,
        0.18101862578000003,
        0.18294952478,
        0.15916956578000002,
        0.17996012578000004,
        0.16600921978000002,
        0.16612627878000003,
        0.15365359978,
        0.18104708878000003,
        0.16166914278000002,
        0.16423803978
      ],
      "memory_usage_byte": [
        37027840,
        37027840,
        37027840,
        37027840,
        37027840,
        37167104,
        37167104,
        37167104,
        37167104,
        37167104,
        37167104,
        37167104,
        37167104,
        37167104,
        37167104,
        37183488,
        37183488,
        37277696,
        37277696,
        37277696
      ],
      "exit_codes": [
        0,
        0,
        0,
        0,
        0,
        0,
        0,
        0,
        0,
        0,
        0,
        0,
        0,
        0,
        0,
        0,
        0,
        0,
        0,
        0
      ]
    },
    {
      "command": "htop",
      "mean": 2.13621098313,
      "stddev": 0.0394982412916013,
      "median": 2.1398840937799997,
      "user": 0.26831129,
      "system": 1.4290229399999999,
      "min": 2.0614571787799996,
      "max": 2.24186093478,
      "times": [
        2.10004522878,
        2.09676588478,
        2.11171081078,
        2.15626807478,
        2.1001394147799997,
        2.1962261867799997,
        2.1205639377799996,
        2.11494341478,
        2.1407455327799996,
        2.1555560257799997,
        2.0614571787799996,
        2.1541395037799997,
        2.10975444278,
        2.1390226547799998,
        2.11280107778,
        2.14830125178,
        2.1630583037799997,
        2.14088760878,
        2.24186093478,
        2.15997219378
      ],
      "memory_usage_byte": [
        37277696,
        37277696,
        37277696,
        37277696,
        37277696,
        37277696,
        37277696,
        37277696,
        37277696,
        37277696,
        37277696,
        37277696,
        37277696,
        37277696,
        37277696,
        37277696,
        37277696,
        37277696,
        37277696,
        37277696
      ],
      "exit_codes": [
        0,
        0,
        0,
        0,
        0,
        0,
        0,
        0,
        0,
        0,
        0,
        0,
        0,
        0,
        0,
        0,
        0,
        0,
        0,
        0
      ]
    }
  ]
}
