{
  "results": [
    {
      "command": "bpftop",
      "mean": 0.17536269479,
      "stddev": 0.008315336703338207,
      "median": 0.17482436344000002,
      "user": 0.027475310000000003,
      "system": 0.044031780000000006,
      "min": 0.15914340994,
      "max": 0.19931823794,
      "times": [
        0.17391895694,
        0.17503320094000002,
        0.18009962194,
        0.16333194094,
        0.17468676994000001,
        0.17808803194,
        0.17060757294,
        0.17168674194000003,
        0.18481675594000002,
        0.17496195694000002,
        0.17463688594000001,
        0.17333543994,
        0.17254548594000002,
        0.15914340994,
        0.17576897294000002,
        0.16580486794000002,
        0.18023243094000002,
        0.18184033294000002,
        0.17739628094,
        0.19931823794
      ],
      "memory_usage_byte": [
        37343232,
        37429248,
        37429248,
        37429248,
        37429248,
        37429248,
        37429248,
        37429248,
        37429248,
        37429248,
        37429248,
        37429248,
        37429248,
        37429248,
        37429248,
        37429248,
        37429248,
        37429248,
        37429248,
        37429248
      ],
      "exit_codes": [
        0,
        0,
        0,
        0,
        0,
        0,
        0,
        0,
        0,
        0,
        0,
        0,
        0,
        0,
        0,
        0,
        0,
        0,
        0,
        0
      ]
    },
    {
      "command": "htop",
      "mean": 2.31184299314,
      "stddev": 0.0635953833388851,
      "median": 2.30034986294,
      "user": 0.2938134599999999,
      "system": 1.5748240299999998,
      "min": 2.21936960494,
      "max": 2.42513664494,
      "times": [
        2.3818963859399997,
        2.31216901994,
        2.42513664494,
        2.4138338139399997,
        2.2620134739399997,
        2.23884626594,
        2.3589135939399997,
        2.28853070594,
        2.21936960494,
        2.35520632594,
        2.26741134694,
        2.26252662794,
        2.2871432879399998,
        2.3129764059399998,
        2.3982643419399996,
        2.3376585989399996,
        2.3611546229399996,
        2.22531230194,
        2.25742333594,
        2.2710731569399996
      ],
      "memory_usage_byte": [
        37429248,
        37429248,
        37429248,
        37429248,
        37429248,
        37429248,
        37429248,
        37429248,
        37429248,
        37429248,
        37429248,
        37429248,
        37429248,
        37429248,
        37429248,
        37429248,
        37429248,
        37429248,
        37429248,
        37429248
      ],
      "exit_codes": [
        0,
        0,
        0,
        0,
        0,
        0,
        0,
        0,
        0,
        0,
        0,
        0,
        0,
        0,
        0,
        0,
        0,
        0,
        0,
        0
      ]
    }
  ]
}
