{
  "results": [
    {
      "command": "bpftop",
      "mean": 0.1839716139,
      "stddev": 0.008614551606683427,
      "median": 0.18324633740000001,
      "user": 0.02571623,
      "system": 0.055851359999999996,
      "min": 0.1641451959,
      "max": 0.1981803829,
      "times": [
        0.1981803829,
        0.1911255799,
        0.18971050990000002,
        0.19403375790000002,
        0.18856255090000001,
        0.1746766949,
        0.17915570590000002,
        0.1712521069,
        0.1845199119,
        0.1819727629,
        0.19688111090000002,
        0.1819622029,
        0.1641451959,
        0.18060992090000003,
        0.1902372699,
        0.1847662149,
        0.1781711849,
        0.1901933479,
        0.18038470690000002,
        0.1788911589
      ],
      "memory_usage_byte": [
        37109760,
        37109760,
        37109760,
        37109760,
        37109760,
        37543936,
        37543936,
        37543936,
        37543936,
        37543936,
        37543936,
        37543936,
        37543936,
        37543936,
        37543936,
        37543936,
        37543936,
        37543936,
        37543936,
        37543936
      ],
      "exit_codes": [
        0,
        0,
        0,
        0,
        0,
        0,
        0,
        0,
        0,
        0,
        0,
        0,
        0,
        0,
        0,
        0,
        0,
        0,
        0,
        0
      ]
    },
    {
      "command": "htop",
      "mean": 6.464563276849999,
      "stddev": 0.21669737148301998,
      "median": 6.4896564284,
      "user": 1.0261674800000002,
      "system": 4.96829636,
      "min": 6.1105041599,
      "max": 6.8259760429,
      "times": [
        6.2508817029,
        6.4807222349,
        6.5046443449,
        6.1105041599,
        6.7218173059,
        6.6272475399,
        6.4676808629,
        6.5849521579,
        6.4985906219,
        6.6593358519,
        6.1563889729,
        6.5895037749,
        6.2807619199,
        6.8259760429,
        6.3898133319,
        6.8199710479,
        6.1245238209,
        6.3013365599,
        6.5564373999,
        6.3401758829
      ],
      "memory_usage_byte": [
        37543936,
        37543936,
        37543936,
        37543936,
        37543936,
        37543936,
        37543936,
        37543936,
        37543936,
        37543936,
        37543936,
        37543936,
        37543936,
        37543936,
        37543936,
        37543936,
        37543936,
        37543936,
        37543936,
        37543936
      ],
      "exit_codes": [
        0,
        0,
        0,
        0,
        0,
        0,
        0,
        0,
        0,
        0,
        0,
        0,
        0,
        0,
        0,
        0,
        0,
        0,
        0,
        0
      ]
    }
  ]
}
