{
  "results": [
    {
      "command": "bpftop",
      "mean": 0.18257238302999995,
      "stddev": 0.01028971142001179,
      "median": 0.18375027428000001,
      "user": 0.025838049999999994,
      "system": 0.051560209999999995,
      "min": 0.15877097978,
      "max": 0.20662660578,
      "times": [
        0.18090781578,
        0.18429193678,
        0.17571305977999999,
        0.18364007178,
        0.18317164178,
        0.19384831278,
        0.17781098378,
        0.18611382278,
        0.20662660578,
        0.19432869578,
        0.18386047678,
        0.15877097978,
        0.18588949178,
        0.17535388478,
        0.16474736478,
        0.18498369878,
        0.17637235978,
        0.18855870878,
        0.17831602278,
        0.18814172578
      ],
      "memory_usage_byte": [
        37163008,
        37163008,
        37163008,
        37163008,
        37163008,
        37163008,
        37163008,
        37163008,
        37163008,
        37531648,
        37531648,
        37531648,
        37531648,
        37531648,
        37531648,
        37531648,
        37531648,
        37531648,
        37531648,
        37531648
      ],
      "exit_codes": [
        0,
        0,
        0,
        0,
        0,
        0,
        0,
        0,
        0,
        0,
        0,
        0,
        0,
        0,
        0,
        0,
        0,
        0,
        0,
        0
      ]
    },
    {
      "command": "htop",
      "mean": 4.137269442480001,
      "stddev": 0.08017051704664836,
      "median": 4.13230260378,
      "user": 0.61299355,
      "system": 3.0649358600000003,
      "min": 3.9966778707799997,
      "max": 4.29386786578,
      "times": [
        4.1858176277800005,
        4.21335985578,
        4.11219326578,
        3.9966778707799997,
        4.1804333937800005,
        4.14102129978,
        4.29050016478,
        4.11189618478,
        4.07766538978,
        4.29386786578,
        4.03703282978,
        4.16166236978,
        4.071228473780001,
        4.17881902178,
        4.10705913278,
        4.1235839077800005,
        4.02805022278,
        4.06552778878,
        4.1762945487800005,
        4.19269763478
      ],
      "memory_usage_byte": [
        37531648,
        37531648,
        37531648,
        37531648,
        37531648,
        37531648,
        37531648,
        37531648,
        37531648,
        37531648,
        37531648,
        37531648,
        37531648,
        37531648,
        37531648,
        37531648,
        37531648,
        37531648,
        37531648,
        37531648
      ],
      "exit_codes": [
        0,
        0,
        0,
        0,
        0,
        0,
        0,
        0,
        0,
        0,
        0,
        0,
        0,
        0,
        0,
        0,
        0,
        0,
        0,
        0
      ]
    }
  ]
}
