{
  "results": [
    {
      "command": "htop (N=2000)",
      "mean": 2.81773088266,
      "stddev": 0.09169826512383236,
      "median": 2.83978069976,
      "user": 0.3846117599999999,
      "system": 1.9919864899999997,
      "min": 2.53936345376,
      "max": 2.9436413457599997,
      "times": [
        2.9252553837599997,
        2.89410344076,
        2.73370294776,
        2.9436413457599997,
        2.8475303087599997,
        2.7674478427599998,
        2.53936345376,
        2.86288848976,
        2.79525904676,
        2.88319145376,
        2.8018963487599997,
        2.83203109076,
        2.85985611976,
        2.70276131976,
        2.8903259007599997,
        2.82326961376,
        2.74690715976,
        2.8711095577599997,
        2.85644415776,
        2.77763267076
      ],
      "memory_usage_byte": [
        14204928,
        14204928,
        14204928,
        14204928,
        14565376,
        14565376,
        15249408,
        15249408,
        15249408,
        15249408,
        15249408,
        15249408,
        15249408,
        15249408,
        15249408,
        15249408,
        15249408,
        15249408,
        15249408,
        15249408
      ],
      "exit_codes": [
        0,
        0,
        0,
        0,
        0,
        0,
        0,
        0,
        0,
        0,
        0,
        0,
        0,
        0,
        0,
        0,
        0,
        0,
        0,
        0
      ]
    }
  ]
}
