{
  "results": [
    {
      "command": "htop (N=100)",
      "mean": 2.11043422969,
      "stddev": 0.017508189671834082,
      "median": 2.1080006343399997,
      "user": 0.26334131,
      "system": 1.4094271599999997,
      "min": 2.08455739684,
      "max": 2.1473336238400003,
      "times": [
        2.1003238898400003,
        2.09455235384,
        2.1473336238400003,
        2.11533870584,
        2.1398502498400003,
        2.11804047284,
        2.13481956484,
        2.10462592284,
        2.10417320184,
        2.12493510984,
        2.09712156984,
        2.11886368984,
        2.12040946384,
        2.11721046184,
        2.11137534584,
        2.0868850928400002,
        2.10166453584,
        2.0937556438400002,
        2.0928482978400003,
        2.08455739684
      ],
      "memory_usage_byte": [
        13303808,
        13303808,
        13303808,
        13303808,
        13303808,
        13303808,
        13303808,
        13303808,
        13303808,
        13303808,
        13303808,
        13303808,
        13303808,
        13303808,
        13303808,
        13303808,
        13303808,
        13303808,
        13303808,
        13303808
      ],
      "exit_codes": [
        0,
        0,
        0,
        0,
        0,
        0,
        0,
        0,
        0,
        0,
        0,
        0,
        0,
        0,
        0,
        0,
        0,
        0,
        0,
        0
      ]
    }
  ]
}
