{
  "results": [
    {
      "command": "htop (N=1000)",
      "mean": 2.48625077677,
      "stddev": 0.04829345735612759,
      "median": 2.48516955502,
      "user": 0.3277925,
      "system": 1.71055171,
      "min": 2.4071954365200003,
      "max": 2.59367139152,
      "times": [
        2.5102497225200002,
        2.57214471852,
        2.4831173035200003,
        2.4071954365200003,
        2.48722180652,
        2.44037763452,
        2.48246348352,
        2.43098984152,
        2.44357114452,
        2.5388307125200003,
        2.59367139152,
        2.4514058485200003,
        2.5235674875200003,
        2.44897303652,
        2.5127423345200004,
        2.5145777435200003,
        2.4297510625200003,
        2.48828127652,
        2.48934612652,
        2.47653742352
      ],
      "memory_usage_byte": [
        13225984,
        13225984,
        13225984,
        13443072,
        13443072,
        13443072,
        13443072,
        13443072,
        13443072,
        13443072,
        13443072,
        13443072,
        13443072,
        13443072,
        13443072,
        13443072,
        13443072,
        13443072,
        13443072,
        13443072
      ],
      "exit_codes": [
        0,
        0,
        0,
        0,
        0,
        0,
        0,
        0,
        0,
        0,
        0,
        0,
        0,
        0,
        0,
        0,
        0,
        0,
        0,
        0
      ]
    }
  ]
}
