{
  "results": [
    {
      "command": "htop (N=10000)",
      "mean": 6.459820213,
      "stddev": 0.20274037355409108,
      "median": 6.4471183413999995,
      "user": 1.0231084899999998,
      "system": 4.962802109999999,
      "min": 5.9905012999,
      "max": 6.8500734379,
      "times": [
        6.4170496579,
        6.4454936818999995,
        6.4753837159,
        5.9905012999,
        6.6642495139,
        6.8500734379,
        6.707233413899999,
        6.4233874709,
        6.5809051079,
        6.4532292189,
        6.4487430008999995,
        6.5337394959,
        6.3561444749,
        6.242871559899999,
        6.3846552369,
        6.4081269109,
        6.6464764379,
        6.1728632909,
        6.715960142899999,
        6.2793171898999995
      ],
      "memory_usage_byte": [
        22917120,
        22917120,
        22917120,
        22917120,
        22917120,
        22917120,
        22917120,
        22917120,
        23212032,
        23445504,
        23445504,
        23445504,
        23945216,
        24227840,
        24227840,
        24227840,
        24227840,
        24227840,
        24457216,
        24457216
      ],
      "exit_codes": [
        0,
        0,
        0,
        0,
        0,
        0,
        0,
        0,
        0,
        0,
        0,
        0,
        0,
        0,
        0,
        0,
        0,
        0,
        0,
        0
      ]
    }
  ]
}
