{
  "results": [
    {
      "command": "htop (N=5000)",
      "mean": 4.140486371890001,
      "stddev": 0.12901691606616061,
      "median": 4.1373806037400005,
      "user": 0.6072934600000001,
      "system": 3.0748530599999997,
      "min": 3.9727471007400004,
      "max": 4.42691578574,
      "times": [
        4.21753782974,
        4.32742833474,
        4.16172568374,
        4.10115444674,
        4.13764626974,
        4.41223950174,
        3.9924614387400004,
        4.1113408627400005,
        4.042213679740001,
        4.13711493774,
        4.19059281274,
        4.036649622740001,
        3.9727471007400004,
        4.42691578574,
        4.086604485740001,
        4.1380936117400005,
        3.98433368374,
        4.01790589674,
        4.17652074374,
        4.1385007087400005
      ],
      "memory_usage_byte": [
        18833408,
        18833408,
        18833408,
        18833408,
        18833408,
        18833408,
        18833408,
        18833408,
        18833408,
        18833408,
        18833408,
        18833408,
        18833408,
        18833408,
        18833408,
        18833408,
        18833408,
        18833408,
        18833408,
        18833408
      ],
      "exit_codes": [
        0,
        0,
        0,
        0,
        0,
        0,
        0,
        0,
        0,
        0,
        0,
        0,
        0,
        0,
        0,
        0,
        0,
        0,
        0,
        0
      ]
    }
  ]
}
