{
  "results": [
    {
      "command": "htop (N=500)",
      "mean": 2.3847954497599995,
      "stddev": 0.0797800931495853,
      "median": 2.39253544296,
      "user": 0.30670088,
      "system": 1.6333233399999998,
      "min": 2.27352031996,
      "max": 2.51763951996,
      "times": [
        2.47704884296,
        2.27772813696,
        2.27844461296,
        2.42993629596,
        2.27352031996,
        2.28037174496,
        2.34482274496,
        2.39071567896,
        2.43722656496,
        2.41935408796,
        2.34434843196,
        2.41188294796,
        2.44943482696,
        2.34145968396,
        2.37717012296,
        2.48880473296,
        2.48492541196,
        2.27671907896,
        2.51763951996,
        2.39435520696
      ],
      "memory_usage_byte": [
        13193216,
        13193216,
        13193216,
        13193216,
        13193216,
        13193216,
        13193216,
        13193216,
        13193216,
        13193216,
        13193216,
        13193216,
        13193216,
        13193216,
        13193216,
        13193216,
        13193216,
        13193216,
        13193216,
        13193216
      ],
      "exit_codes": [
        0,
        0,
        0,
        0,
        0,
        0,
        0,
        0,
        0,
        0,
        0,
        0,
        0,
        0,
        0,
        0,
        0,
        0,
        0,
        0
      ]
    }
  ]
}
